species,n,mean_height,mean_mass,max_mass
Human,20,180.2,81.3,136
Droid,4,140,69.8,140
Unknown,3,181,81,110
Gungan,2,210,74,82
Mirialan,2,168,53.1,56.2
Wookiee,2,231,124,136
Aleena,1,79,15,15
Besalisk,1,198,102,102
Cerean,1,198,82,82
Clawdite,1,168,55,55
Dug,1,112,40,40
Ewok,1,88,20,20
Geonosian,1,183,80,80
Hutt,1,175,1358,1358
Kaleesh,1,216,159,159
Kaminoan,1,229,88,88
Kel Dor,1,188,80,80
Mon Calamari,1,180,83,83
Nautolan,1,196,87,87
Neimodian,1,191,90,90
Pau'an,1,206,80,80
Rodian,1,173,74,74
Skakoan,1,193,48,48
Sullustan,1,160,68,68
Tholothian,1,184,50,50
Togruta,1,178,57,57
Toong,1,163,65,65
Trandoshan,1,190,113,113
Twi'lek,1,178,55,55
Vulptereen,1,94,45,45
Yoda's species,1,66,17,17
Zabrak,1,175,80,80
