name,height,mass,hair_color,skin_color,eye_color,birth_year,sex,gender,homeworld,species,n_films
Luke Skywalker,172,77,blond,fair,blue,19,male,masculine,Tatooine,Human,5
C-3PO,167,75,NA,gold,yellow,112,none,masculine,Tatooine,Droid,6
R2-D2,96,32,NA,"white, blue",red,33,none,masculine,Naboo,Droid,7
Darth Vader,202,136,none,white,yellow,41.9,male,masculine,Tatooine,Human,4
Leia Organa,150,49,brown,light,brown,19,female,feminine,Alderaan,Human,5
Owen Lars,178,120,"brown, grey",light,blue,52,male,masculine,Tatooine,Human,3
Beru Whitesun Lars,165,75,brown,light,blue,47,female,feminine,Tatooine,Human,3
R5-D4,97,32,NA,"white, red",red,NA,none,masculine,Tatooine,Droid,1
Biggs Darklighter,183,84,black,light,brown,24,male,masculine,Tatooine,Human,1
Obi-Wan Kenobi,182,77,"auburn, white",fair,blue-gray,57,male,masculine,Stewjon,Human,6
Anakin Skywalker,188,84,blond,fair,blue,41.9,male,masculine,Tatooine,Human,3
Wilhuff Tarkin,180,NA,"auburn, grey",fair,blue,64,male,masculine,Eriadu,Human,2
Chewbacca,228,112,brown,unknown,blue,200,male,masculine,Kashyyyk,Wookiee,5
Han Solo,180,80,brown,fair,brown,29,male,masculine,Corellia,Human,4
Greedo,173,74,NA,green,black,44,male,masculine,Rodia,Rodian,1
Jabba Desilijic Tiure,175,1358,NA,"green-tan, brown",orange,600,hermaphroditic,masculine,Nal Hutta,Hutt,3
Wedge Antilles,170,77,brown,fair,hazel,21,male,masculine,Corellia,Human,3
Jek Tono Porkins,180,110,brown,fair,blue,NA,NA,NA,Bestine IV,NA,1
Yoda,66,17,white,green,brown,896,male,masculine,NA,Yoda's species,5
Palpatine,170,75,grey,pale,yellow,82,male,masculine,Naboo,Human,5
Boba Fett,183,78.2,black,fair,brown,31.5,male,masculine,Kamino,Human,3
IG-88,200,140,none,metal,red,15,none,masculine,NA,Droid,1
Bossk,190,113,none,green,red,53,male,masculine,Trandosha,Trandoshan,1
Lando Calrissian,177,79,black,dark,brown,31,male,masculine,Socorro,Human,2
Lobot,175,79,none,light,blue,37,male,masculine,Bespin,Human,1
Ackbar,180,83,none,brown mottle,orange,41,male,masculine,Mon Cala,Mon Calamari,2
Mon Mothma,150,NA,auburn,fair,blue,48,female,feminine,Chandrila,Human,1
Arvel Crynyd,NA,NA,brown,fair,brown,NA,male,masculine,NA,Human,1
Wicket Systri Warrick,88,20,brown,brown,brown,8,male,masculine,Endor,Ewok,1
Nien Nunb,160,68,none,grey,black,NA,male,masculine,Sullust,Sullustan,1
Qui-Gon Jinn,193,89,brown,fair,blue,92,male,masculine,NA,Human,1
Nute Gunray,191,90,none,mottled green,red,NA,male,masculine,Cato Neimoidia,Neimodian,3
Finis Valorum,170,NA,blond,fair,blue,91,male,masculine,Coruscant,Human,1
Padmé Amidala,185,45,brown,light,brown,46,female,feminine,Naboo,Human,3
Jar Jar Binks,196,66,none,orange,orange,52,male,masculine,Naboo,Gungan,2
Roos Tarpals,224,82,none,grey,orange,NA,male,masculine,Naboo,Gungan,1
Rugor Nass,206,NA,none,green,orange,NA,male,masculine,Naboo,Gungan,1
Ric Olié,183,NA,brown,fair,blue,NA,male,masculine,Naboo,Human,1
Watto,137,NA,black,"blue, grey",yellow,NA,male,masculine,Toydaria,Toydarian,2
Sebulba,112,40,none,"grey, red",orange,NA,male,masculine,Malastare,Dug,1
Quarsh Panaka,183,NA,black,dark,brown,62,male,masculine,Naboo,Human,1
Shmi Skywalker,163,NA,black,fair,brown,72,female,feminine,Tatooine,Human,2
Darth Maul,175,80,none,red,yellow,54,male,masculine,Dathomir,Zabrak,1
Bib Fortuna,180,NA,none,pale,pink,NA,male,masculine,Ryloth,Twi'lek,1
Ayla Secura,178,55,none,blue,hazel,48,female,feminine,Ryloth,Twi'lek,3
Ratts Tyerel,79,15,none,"grey, blue",unknown,NA,male,masculine,Aleen Minor,Aleena,1
Dud Bolt,94,45,none,"blue, grey",yellow,NA,male,masculine,Vulpter,Vulptereen,1
Gasgano,122,NA,none,"white, blue",black,NA,male,masculine,Troiken,Xexto,1
Ben Quadinaros,163,65,none,"grey, green, yellow",orange,NA,male,masculine,Tund,Toong,1
Mace Windu,188,84,none,dark,brown,72,male,masculine,Haruun Kal,Human,3
Ki-Adi-Mundi,198,82,white,pale,yellow,92,male,masculine,Cerea,Cerean,3
Kit Fisto,196,87,none,green,black,NA,male,masculine,Glee Anselm,Nautolan,3
Eeth Koth,171,NA,black,brown,brown,NA,male,masculine,Iridonia,Zabrak,2
Adi Gallia,184,50,none,dark,blue,NA,female,feminine,Coruscant,Tholothian,2
Saesee Tiin,188,NA,none,pale,orange,NA,male,masculine,Iktotch,Iktotchi,2
Yarael Poof,264,NA,none,white,yellow,NA,male,masculine,Quermia,Quermian,1
Plo Koon,188,80,none,orange,black,22,male,masculine,Dorin,Kel Dor,3
Mas Amedda,196,NA,none,blue,blue,NA,male,masculine,Champala,Chagrian,2
Gregar Typho,185,85,black,dark,brown,NA,NA,NA,Naboo,NA,1
Cordé,157,NA,brown,light,brown,NA,NA,NA,Naboo,NA,1
Cliegg Lars,183,NA,brown,fair,blue,82,male,masculine,Tatooine,Human,1
Poggle the Lesser,183,80,none,green,yellow,NA,male,masculine,Geonosis,Geonosian,2
Luminara Unduli,170,56.2,black,yellow,blue,58,female,feminine,Mirial,Mirialan,2
Barriss Offee,166,50,black,yellow,blue,40,female,feminine,Mirial,Mirialan,1
Dormé,165,NA,brown,light,brown,NA,female,feminine,Naboo,Human,1
Dooku,193,80,white,fair,brown,102,male,masculine,Serenno,Human,2
Bail Prestor Organa,191,NA,black,tan,brown,67,male,masculine,Alderaan,Human,2
Jango Fett,183,79,black,tan,brown,66,male,masculine,Concord Dawn,Human,1
Zam Wesell,168,55,blonde,"fair, green, yellow",yellow,NA,female,feminine,Zolan,Clawdite,1
Dexter Jettster,198,102,none,brown,yellow,NA,male,masculine,Ojom,Besalisk,1
Lama Su,229,88,none,grey,black,NA,male,masculine,Kamino,Kaminoan,1
Taun We,213,NA,none,grey,black,NA,female,feminine,Kamino,Kaminoan,1
Jocasta Nu,167,NA,white,fair,blue,NA,female,feminine,Coruscant,Human,1
R4-P17,96,NA,none,"silver, red","red, blue",NA,none,feminine,NA,Droid,2
Wat Tambor,193,48,none,"green, grey",unknown,NA,male,masculine,Skako,Skakoan,1
San Hill,191,NA,none,grey,gold,NA,male,masculine,Muunilinst,Muun,1
Shaak Ti,178,57,none,"red, blue, white",black,NA,female,feminine,Shili,Togruta,2
Grievous,216,159,none,"brown, white","green, yellow",NA,male,masculine,Kalee,Kaleesh,1
Tarfful,234,136,brown,brown,blue,NA,male,masculine,Kashyyyk,Wookiee,1
Raymus Antilles,188,79,brown,light,brown,NA,male,masculine,Alderaan,Human,2
Sly Moore,178,48,none,pale,white,NA,NA,NA,Umbara,NA,2
Tion Medon,206,80,none,grey,black,NA,male,masculine,Utapau,Pau'an,1
Finn,NA,NA,black,dark,dark,NA,male,masculine,NA,Human,1
Rey,NA,NA,brown,light,hazel,NA,female,feminine,NA,Human,1
Poe Dameron,NA,NA,brown,light,brown,NA,male,masculine,NA,Human,1
BB8,NA,NA,none,none,black,NA,none,masculine,NA,Droid,1
Captain Phasma,NA,NA,none,none,unknown,NA,female,feminine,NA,Human,1
